timestamp,event,channel,source,correlation_id,agent,agent_name,content,content_length,duration_ms,event_name,finish_reason,has_tool_calls,iteration,message_count,messages,model,output,prompt,response,response_preview,system_prompt,task,thought,tool_calls,tools_available
2026-01-04T01:54:31.953248+00:00,agent.invoked,agents,system,,Researcher,Researcher,,,,,,,,,,,,,,,,What are the main benefits of Rust programming language?,,,
2026-01-04T01:54:31.953300+00:00,agent.thinking,agents,system,,Researcher,Researcher,,,,,,,1,,,,,,,,,,,,
2026-01-04T01:54:31.953329+00:00,llm.request,llm,system,,,Researcher,,,,,,,1,2,"[{""role"": ""system"", ""content"": ""Research topics thoroughly.""}, {""role"": ""user"", ""content"": ""What are the main benefits of Rust programming language?""}]",gpt-4.1,,What are the main benefits of Rust programming language?,,,Research topics thoroughly.,,,,[]
2026-01-04T01:54:35.631537+00:00,llm.response,llm,system,,,Researcher,"Rust is a modern systems programming language that has gained significant popularity due to its unique combination of features. Here are the main benefits of Rust:

### 1. **Memory Safety Without Garbage Collection**
- Rust’s ownership system enforces strict rules at compile time, preventing common bugs like null pointer dereferencing, dangling pointers, and data races.
- No garbage collector means predictable performance and low runtime overhead.

### 2. **High Performance**
- Rust compiles to ",2083,3677.9457919765264,,stop,False,1,,,,,,,,,,,[],
2026-01-04T01:54:35.631993+00:00,agent.responded,agents,system,,Researcher,Researcher,"Rust is a modern systems programming language that has gained significant popularity due to its unique combination of features. Here are the main benefits of Rust:

### 1. **Memory Safety Without Garbage Collection**
- Rust’s ownership system enforces strict rules at compile time, preventing common bugs like null pointer dereferencing, dangling pointers, and data races.
- No garbage collector means predictable performance and low runtime overhead.

### 2. **High Performance**
- Rust compiles to native code and offers performance comparable to C and C++.
- Zero-cost abstractions allow you to write high-level code without sacrificing speed.

### 3. **Concurrency Without Data Races**
- The type system and ownership model prevent data races at compile time, making concurrent programming safer and more reliable.

### 4. **Modern Language Features**
- Pattern matching, algebraic data types (enums), powerful macro system, and expressive type inference.
- Ergonomic error handling with `Result` and `Option` types.

### 5. **Excellent Tooling**
- Cargo, Rust’s package manager and build system, simplifies dependency management, building, and testing.
- Rustfmt for code formatting and Clippy for linting help maintain code quality.

### 6. **Strong Community and Ecosystem**
- Growing ecosystem with libraries (crates) for web, networking, embedded, and more.
- Friendly and active community with excellent documentation and learning resources.

### 7. **Cross-Platform Support**
- Rust supports major operating systems (Linux, Windows, macOS) and targets for embedded systems and WebAssembly.

### 8. **Interoperability**
- Easy to call C libraries and integrate with existing codebases, making it suitable for gradual adoption in legacy projects.

---

**In summary:**  
Rust offers memory safety, high performance, and modern language features, making it an excellent choice for systems programming, web development, embedded systems, and more. Its focus on safety and concurrency, combined with great tooling and community support, sets it apart from many other languages.",,3678.6695410264656,,,,1,,,,,,"Rust is a modern systems programming language that has gained significant popularity due to its unique combination of features. Here are the main benefits of Rust:

### 1. **Memory Safety Without Garbage Collection**
- Rust’s ownership system enforces strict rules at compile time, preventing common bugs like null pointer dereferencing, dangling pointers, and data races.
- No garbage collector means predictable performance and low runtime overhead.

### 2. **High Performance**
- Rust compiles to native code and offers performance comparable to C and C++.
- Zero-cost abstractions allow you to write high-level code without sacrificing speed.

### 3. **Concurrency Without Data Races**
- The type system and ownership model prevent data races at compile time, making concurrent programming safer and more reliable.

### 4. **Modern Language Features**
- Pattern matching, algebraic data types (enums), powerful macro system, and expressive type inference.
- Ergonomic error handling with `Result` and `Option` types.

### 5. **Excellent Tooling**
- Cargo, Rust’s package manager and build system, simplifies dependency management, building, and testing.
- Rustfmt for code formatting and Clippy for linting help maintain code quality.

### 6. **Strong Community and Ecosystem**
- Growing ecosystem with libraries (crates) for web, networking, embedded, and more.
- Friendly and active community with excellent documentation and learning resources.

### 7. **Cross-Platform Support**
- Rust supports major operating systems (Linux, Windows, macOS) and targets for embedded systems and WebAssembly.

### 8. **Interoperability**
- Easy to call C libraries and integrate with existing codebases, making it suitable for gradual adoption in legacy projects.

---

**In summary:**  
Rust offers memory safety, high performance, and modern language features, making it an excellent choice for systems programming, web development, embedded systems, and more. Its focus on safety and concurrency, combined with great tooling and community support, sets it apart from many other languages.","Rust is a modern systems programming language that has gained significant popularity due to its unique combination of features. Here are the main benefits of Rust:

### 1. **Memory Safety Without Garbage Collection**
- Rust’s ownership system enforces strict rules at compile time, preventing common bugs like null pointer dereferencing, dangling pointers, and data races.
- No garbage collector means predictable performance and low runtime overhead.

### 2. **High Performance**
- Rust compiles to ",,,"Rust is a modern systems programming language that has gained significant popularity due to its unique combination of features. Here are the main benefits of Rust:

### 1. **Memory Safety Without Garbage Collection**
- Rust’s ownership system enforces strict rules at compile time, preventing common bugs like null pointer dereferencing, dangling pointers, and data races.
- No garbage collector means predictable performance and low runtime overhead.

### 2. **High Performance**
- Rust compiles to native code and offers performance comparable to C and C++.
- Zero-cost abstractions allow you to write high-level code without sacrificing speed.

### 3. **Concurrency Without Data Races**
- The type system and ownership model prevent data races at compile time, making concurrent programming safer and more reliable.

### 4. **Modern Language Features**
- Pattern matching, algebraic data types (enums), powerful macro system, and expressive type inference.
- Ergonomic error handling with `Result` and `Option` types.

### 5. **Excellent Tooling**
- Cargo, Rust’s package manager and build system, simplifies dependency management, building, and testing.
- Rustfmt for code formatting and Clippy for linting help maintain code quality.

### 6. **Strong Community and Ecosystem**
- Growing ecosystem with libraries (crates) for web, networking, embedded, and more.
- Friendly and active community with excellent documentation and learning resources.

### 7. **Cross-Platform Support**
- Rust supports major operating systems (Linux, Windows, macOS) and targets for embedded systems and WebAssembly.

### 8. **Interoperability**
- Easy to call C libraries and integrate with existing codebases, making it suitable for gradual adoption in legacy projects.

---

**In summary:**  
Rust offers memory safety, high performance, and modern language features, making it an excellent choice for systems programming, web development, embedded systems, and more. Its focus on safety and concurrency, combined with great tooling and community support, sets it apart from many other languages.",,
2026-01-04T01:54:35.632190+00:00,output.generated,agents,system,,Researcher,Researcher,"Rust is a modern systems programming language that has gained significant popularity due to its unique combination of features. Here are the main benefits of Rust:

### 1. **Memory Safety Without Garbage Collection**
- Rust’s ownership system enforces strict rules at compile time, preventing common bugs like null pointer dereferencing, dangling pointers, and data races.
- No garbage collector means predictable performance and low runtime overhead.

### 2. **High Performance**
- Rust compiles to native code and offers performance comparable to C and C++.
- Zero-cost abstractions allow you to write high-level code without sacrificing speed.

### 3. **Concurrency Without Data Races**
- The type system and ownership model prevent data races at compile time, making concurrent programming safer and more reliable.

### 4. **Modern Language Features**
- Pattern matching, algebraic data types (enums), powerful macro system, and expressive type inference.
- Ergonomic error handling with `Result` and `Option` types.

### 5. **Excellent Tooling**
- Cargo, Rust’s package manager and build system, simplifies dependency management, building, and testing.
- Rustfmt for code formatting and Clippy for linting help maintain code quality.

### 6. **Strong Community and Ecosystem**
- Growing ecosystem with libraries (crates) for web, networking, embedded, and more.
- Friendly and active community with excellent documentation and learning resources.

### 7. **Cross-Platform Support**
- Rust supports major operating systems (Linux, Windows, macOS) and targets for embedded systems and WebAssembly.

### 8. **Interoperability**
- Easy to call C libraries and integrate with existing codebases, making it suitable for gradual adoption in legacy projects.

---

**In summary:**  
Rust offers memory safety, high performance, and modern language features, making it an excellent choice for systems programming, web development, embedded systems, and more. Its focus on safety and concurrency, combined with great tooling and community support, sets it apart from many other languages.",,3678.6695410264656,,,,,,,,"Rust is a modern systems programming language that has gained significant popularity due to its unique combination of features. Here are the main benefits of Rust:

### 1. **Memory Safety Without Garbage Collection**
- Rust’s ownership system enforces strict rules at compile time, preventing common bugs like null pointer dereferencing, dangling pointers, and data races.
- No garbage collector means predictable performance and low runtime overhead.

### 2. **High Performance**
- Rust compiles to native code and offers performance comparable to C and C++.
- Zero-cost abstractions allow you to write high-level code without sacrificing speed.

### 3. **Concurrency Without Data Races**
- The type system and ownership model prevent data races at compile time, making concurrent programming safer and more reliable.

### 4. **Modern Language Features**
- Pattern matching, algebraic data types (enums), powerful macro system, and expressive type inference.
- Ergonomic error handling with `Result` and `Option` types.

### 5. **Excellent Tooling**
- Cargo, Rust’s package manager and build system, simplifies dependency management, building, and testing.
- Rustfmt for code formatting and Clippy for linting help maintain code quality.

### 6. **Strong Community and Ecosystem**
- Growing ecosystem with libraries (crates) for web, networking, embedded, and more.
- Friendly and active community with excellent documentation and learning resources.

### 7. **Cross-Platform Support**
- Rust supports major operating systems (Linux, Windows, macOS) and targets for embedded systems and WebAssembly.

### 8. **Interoperability**
- Easy to call C libraries and integrate with existing codebases, making it suitable for gradual adoption in legacy projects.

---

**In summary:**  
Rust offers memory safety, high performance, and modern language features, making it an excellent choice for systems programming, web development, embedded systems, and more. Its focus on safety and concurrency, combined with great tooling and community support, sets it apart from many other languages.",,,,,,,,
